Backward Citation Ages.  ,,,,,,,,
Means and percentiles are presented in Supplementary Figure 1D. ,,,,,,,,
The predicted values and their standard errors are presented in Figures 2-4.,,,,,,,,
field,year,mean,median,p25,p75,,Predicted,se
Chemistry,1900,-0.228996,-0.5357701,-0.9596761,-0.0058876,,0.0674237,0.0470392
Chemistry,1901,-0.2977606,-0.4603831,-0.7407668,0.2405761,,0.0671425,0.0438263
Chemistry,1902,-0.2780947,-0.4669618,-0.6776212,-0.0456429,,0.0671089,0.0408187
Chemistry,1903,-0.1315964,-0.4236357,-0.7505454,0.1756987,,0.0673186,0.0380184
Chemistry,1904,0.1982096,-0.1312924,-0.7936082,0.6966022,,0.0677677,0.0354279
Chemistry,1905,-0.0665758,-0.3784792,-0.5608788,0.3055194,,0.068452,0.0330496
Chemistry,1906,-0.1722747,-0.3748794,-0.8601601,0.1710614,,0.0693672,0.030886
Chemistry,1907,-0.288532,-0.4918675,-0.8326532,-0.0374864,,0.0705093,0.0289391
Chemistry,1908,0.2340315,-0.1642582,-0.7457029,0.7079089,,0.0718741,0.0272099
Chemistry,1909,-0.0951083,-0.2057898,-0.3726465,0.0723046,,0.0734574,0.0256979
Chemistry,1910,0.2731788,-0.0920182,-0.3795748,0.6268734,,0.0752551,0.0244003
Chemistry,1911,0.2208316,0.0045768,-0.5103154,0.5766793,,0.077263,0.0233114
Chemistry,1912,0.348425,-0.0065741,-0.4010175,0.7823128,,0.0794768,0.022422
Chemistry,1913,0.3521501,-0.0411194,-0.462856,0.7496369,,0.0818925,0.0217194
Chemistry,1914,0.3503986,0.2628302,-0.5628145,0.9508674,,0.0845058,0.0211875
Chemistry,1915,0.2865548,0.1049356,-0.5509116,0.8919522,,0.0873125,0.0208074
Chemistry,1916,-0.210318,-0.2688275,-0.9013629,0.3637079,,0.0903084,0.0205583
Chemistry,1917,0.3622061,0.2869006,-0.4185928,0.8748118,,0.0934894,0.0204186
Chemistry,1918,0.3718472,0.1437201,-0.3125342,0.714038,,0.0968511,0.020367
Chemistry,1919,0.1721161,-0.0351505,-0.5199845,0.8133091,,0.1003894,0.0203834
Chemistry,1920,0.2007387,-0.1385744,-0.5918551,0.897496,,0.1041,0.0204494
Chemistry,1921,0.4484877,0.2940498,-0.3237018,1.220677,,0.1079788,0.0205487
Chemistry,1922,0.4138916,0.1306254,-0.4564549,1.011246,,0.1120214,0.0206672
Chemistry,1923,0.1988673,0.1466395,-0.4057696,0.6990486,,0.1162237,0.0207931
Chemistry,1924,-0.01581,-0.1140577,-0.7351637,0.5070484,,0.1205813,0.0209168
Chemistry,1925,0.4326909,0.2311636,-0.5838361,0.9720725,,0.1250901,0.0210304
Chemistry,1926,0.0709698,-0.1004742,-0.5390519,0.3779743,,0.1297458,0.021128
Chemistry,1927,0.4450474,0.1603276,-0.4616331,1.127822,,0.134544,0.0212049
Chemistry,1928,0.3356225,0.2989351,-0.5842823,0.9783329,,0.1394806,0.021258
Chemistry,1929,0.2522112,0.0069672,-0.6897488,0.7733547,,0.1445512,0.021285
Chemistry,1930,0.47928,0.2060063,-0.5647655,1.116918,,0.1497516,0.0212848
Chemistry,1931,0.153031,-0.2546435,-0.7443427,0.4799052,,0.1550775,0.021257
Chemistry,1932,0.2451827,-0.1741719,-0.6132609,0.704006,,0.1605245,0.021202
Chemistry,1933,0.0371277,-0.307263,-0.6913419,0.4608946,,0.1660885,0.0211208
Chemistry,1934,-0.0307809,-0.1629576,-0.5703516,0.2444364,,0.1717651,0.0210148
Chemistry,1935,0.3097578,-0.2039494,-0.6639858,0.7161232,,0.1775499,0.0208861
Chemistry,1936,0.208993,-0.1352307,-0.6621038,0.4794545,,0.1834386,0.0207371
Chemistry,1937,0.3869888,0.0703616,-0.6702868,0.81101,,0.1894271,0.0205704
Chemistry,1938,0.0963366,-0.1549196,-0.4152887,0.4960032,,0.1955108,0.0203891
Chemistry,1939,-0.1268779,-0.293907,-0.7757218,0.2682103,,0.2016855,0.0201965
Chemistry,1940,0.0937996,-0.1583828,-0.6196918,0.3798112,,0.2079468,0.0199961
Chemistry,1941,0.3879757,-0.0259984,-0.5259671,1.173926,,0.2142904,0.0197916
Chemistry,1942,-0.013352,-0.310434,-0.7276841,0.5240662,,0.220712,0.0195869
Chemistry,1943,0.1008251,-0.1498372,-0.5699416,0.5503368,,0.2272072,0.0193857
Chemistry,1944,0.6761355,0.238754,-0.5637808,1.342239,,0.2337716,0.019192
Chemistry,1945,0.2807846,0.0152902,-0.6797212,0.9883062,,0.2404008,0.0190095
Chemistry,1946,0.551391,0.0216232,-0.4417306,1.180008,,0.2470906,0.0188419
Chemistry,1947,0.0798393,-0.2022597,-0.6458117,0.6848441,,0.2538364,0.0186928
Chemistry,1948,0.3239568,0.0814045,-0.5831223,1.078195,,0.260634,0.0185651
Chemistry,1949,0.4027912,0.2373591,-0.6617286,1.046538,,0.2674789,0.0184618
Chemistry,1950,0.2653944,-0.1821642,-0.5747595,0.5245073,,0.2743668,0.0183851
Chemistry,1951,0.0662056,0.0383992,-0.5574508,0.369427,,0.2812932,0.0183369
Chemistry,1952,0.0536124,-0.2075319,-0.7263616,0.4842411,,0.2882538,0.0183184
Chemistry,1953,0.0251961,-0.1231812,-0.6830959,0.4367334,,0.2952441,0.0183301
Chemistry,1954,-0.0821998,-0.276382,-0.6337726,0.0810086,,0.3022597,0.018372
Chemistry,1956,-0.0201616,0.5222091,-0.3657221,0.5222091,,0.3163492,0.0185433
Chemistry,1957,0.1470628,0.2351302,-0.7169012,1.187162,,0.3234142,0.0186694
Chemistry,1958,0.0575225,0.264036,-0.403621,0.7090964,,0.3304868,0.0188195
Chemistry,1959,0.0681374,-0.1358337,-0.6285825,0.9756265,,0.3375626,0.0189907
Chemistry,1960,0.023011,0.0743632,-0.5123279,0.6607229,,0.344637,0.0191798
Chemistry,1961,0.2561337,0.2593009,-0.3227172,0.9921413,,0.3517057,0.0193833
Chemistry,1962,0.2642358,0.2401933,-0.3356319,0.7343633,,0.3587642,0.0195974
Chemistry,1963,-0.002732,-0.0401303,-0.5707591,0.4281027,,0.365808,0.0198184
Chemistry,1964,0.1064214,-0.0327574,-0.4338472,0.6680611,,0.3728327,0.0200421
Chemistry,1965,0.2011343,0.1420755,-0.4151356,0.8371648,,0.3798338,0.0202648
Chemistry,1966,0.21302,0.1745434,-0.4391874,0.8125246,,0.3868067,0.0204825
Chemistry,1967,0.0686032,-0.0628585,-0.5942411,0.5543652,,0.393747,0.0206914
Chemistry,1968,0.1197774,0.0060714,-0.5255108,0.8328068,,0.4006502,0.0208879
Chemistry,1969,0.3388506,0.3220863,-0.2740343,1.003331,,0.4075119,0.0210685
Chemistry,1970,0.2697003,0.2442632,-0.4296746,0.8894999,,0.4143274,0.0212302
Chemistry,1971,0.2514688,0.1128269,-0.367391,0.7691882,,0.4210924,0.0213699
Chemistry,1972,0.2149149,0.0773371,-0.5422164,0.8080766,,0.4278022,0.0214851
Chemistry,1973,0.1000395,-0.0145958,-0.5633278,0.7374529,,0.4344524,0.0215737
Chemistry,1974,0.6635981,0.3953295,-0.1047798,1.389523,,0.4410383,0.0216339
Chemistry,1975,0.444793,0.2481493,-0.2106613,0.9445676,,0.4475557,0.0216643
Chemistry,1976,0.3634085,0.2667003,-0.2290908,0.8005744,,0.4539997,0.0216646
Chemistry,1977,0.2843386,0.2000674,-0.4443651,0.9535692,,0.460366,0.0216345
Chemistry,1978,0.3193756,0.2395753,-0.2878588,0.8741912,,0.4666499,0.0215751
Chemistry,1979,0.3771821,0.2028908,-0.2334467,0.9827405,,0.472847,0.0214882
Chemistry,1980,0.656176,0.5105438,-0.0716684,1.30689,,0.4789526,0.0213765
Chemistry,1981,0.1987565,0.0679115,-0.6696147,0.975253,,0.4849622,0.0212445
Chemistry,1982,0.2741368,0.1136289,-0.4826791,0.8624344,,0.4908712,0.0210977
Chemistry,1983,0.4345207,0.2678581,-0.1399741,1.040483,,0.496675,0.0209438
Chemistry,1984,0.6183593,0.5405098,-0.1121546,1.248142,,0.5023692,0.0207922
Chemistry,1985,0.8380682,0.7395396,0.0995385,1.324883,,0.5079489,0.0206548
Chemistry,1986,0.9602351,0.7071511,0.0813793,1.423949,,0.5134098,0.0205458
Chemistry,1987,0.7781897,0.5780041,-0.0695891,1.516405,,0.5187472,0.0204819
Chemistry,1988,1.25402,1.075807,0.3063618,2.455468,,0.5239564,0.0204825
Chemistry,1989,1.013583,0.9514699,0.1943003,1.82139,,0.5290328,0.0205691
Chemistry,1990,1.184666,1.07635,0.1623395,1.931042,,0.533972,0.0207648
Chemistry,1991,1.624652,1.462069,0.4378866,2.487837,,0.5387692,0.0210933
Chemistry,1992,0.9999163,0.766816,0.1018299,1.879658,,0.5434197,0.0215778
Chemistry,1993,1.480111,1.237435,0.0986071,2.156975,,0.5479191,0.0222399
Chemistry,1994,0.5859982,0.5206162,-0.1112326,1.198387,,0.5522626,0.0230981
Chemistry,1995,1.274754,1.054713,0.0508662,2.015247,,0.5564456,0.0241671
Chemistry,1996,1.196683,1.043961,0.0733018,2.016092,,0.5604634,0.0254576
Chemistry,1997,0.7086067,0.5599754,-0.0935387,1.410304,,0.5643114,0.0269763
Chemistry,1998,0.3854942,0.0826346,-0.568073,1.193316,,0.5679851,0.0287264
Chemistry,1999,0.1548946,0.0223029,-0.3488065,0.4906138,,0.5714795,0.0307085
Chemistry,2000,0.216989,0.0166966,-0.6353114,0.7723017,,0.5747901,0.0329213
Chemistry,2001,0.4550733,0.2468981,-0.392126,1.120194,,0.5779123,0.0353626
Chemistry,2002,-0.0392612,-0.2309539,-0.5837418,0.2517373,,0.5808414,0.0380295
Chemistry,2003,-0.2026421,-0.4050733,-0.8063456,0.1753954,,0.5835726,0.040919
Chemistry,2004,-0.2078074,-0.3673534,-0.6791971,0.1381333,,0.5861012,0.0440287
Chemistry,2005,0.0648189,-0.4248152,-0.678205,0.0555692,,0.5884227,0.0473562
Chemistry,2006,-0.8332062,-0.8332062,-1.130754,-0.5356589,,0.5905322,0.0508999
Medicine,1900,-0.2897532,-0.5357701,-0.8536996,-0.1648523,,-0.164358,0.0504818
Medicine,1901,-0.1537135,-0.3201913,-0.600575,0.3807679,,-0.1536352,0.0469393
Medicine,1902,-0.3206705,-0.4669618,-0.782951,-0.0456429,,-0.1432413,0.0436041
Medicine,1903,-0.2793242,-0.4236357,-0.8595153,0.1212137,,-0.133169,0.0404762
Medicine,1904,0.0124998,0.1170759,-0.5452397,0.6138127,,-0.1234114,0.0375561
Medicine,1905,-0.0560227,-0.1960796,-0.5152789,0.2599195,,-0.1139611,0.0348445
Medicine,1906,-0.203298,-0.3748794,-0.8601601,0.3530417,,-0.1048113,0.0323427
Medicine,1907,-0.2078793,-0.3782722,-0.9462485,0.0761088,,-0.0959548,0.0300521
Medicine,1908,0.1061136,-0.2369387,-0.7457029,0.7079089,,-0.0873846,0.0279739
Medicine,1909,-0.0572874,-0.3170276,-0.4838843,0.100114,,-0.0790937,0.026109
Medicine,1910,0.033069,-0.3795748,-0.8109097,0.4830951,,-0.0710754,0.0244576
Medicine,1911,0.0549219,-0.2242642,-0.7391564,0.2906281,,-0.0633226,0.0230181
Medicine,1912,0.0144629,-0.0723146,-0.6639798,0.3878694,,-0.0558284,0.0217865
Medicine,1913,-0.209814,-0.410139,-0.6737244,0.0643148,,-0.0485862,0.0207565
Medicine,1914,-0.1747615,-0.425207,-0.8380293,0.1252228,,-0.0415892,0.0199178
Medicine,1915,0.0629614,-0.2885728,-0.8132505,0.4984439,,-0.0348305,0.019257
Medicine,1916,-0.3542198,-0.7432291,-1.059497,0.205574,,-0.0283036,0.0187571
Medicine,1917,-0.1587361,-0.3010105,-0.7713395,0.2869006,,-0.0220016,0.0183991
Medicine,1918,-0.0627349,-0.3125342,-0.882852,0.5999744,,-0.0159181,0.0181618
Medicine,1919,-0.156359,-0.398776,-0.88361,0.086058,,-0.0100465,0.0180239
Medicine,1920,-0.0518035,-0.3328376,-0.7213639,0.1851976,,-0.0043801,0.0179647
Medicine,1921,-0.0580686,-0.2001515,-0.5708025,0.2940498,,0.0010876,0.0179648
Medicine,1922,-0.1863979,-0.4564549,-0.8967651,0.1306254,,0.0063629,0.0180068
Medicine,1923,-0.0160701,-0.3053316,-0.6066456,0.3977346,,0.0114524,0.0180757
Medicine,1924,-0.1761683,-0.4528428,-0.9610205,0.2811916,,0.0163624,0.0181586
Medicine,1925,0.3126636,-0.0651999,-0.657927,0.8238907,,0.0210994,0.018245
Medicine,1926,0.059806,-0.1004742,-0.4991812,0.2982329,,0.0256696,0.0183264
Medicine,1927,0.2515486,-0.1852061,-0.5998466,0.9205019,,0.0300794,0.0183964
Medicine,1928,0.6087405,0.2309953,-0.3804629,1.046273,,0.034335,0.0184498
Medicine,1929,0.1309826,-0.2020476,-0.6200771,0.7733547,,0.0384427,0.0184832
Medicine,1930,0.2746751,-0.0742743,-0.4946953,0.7665676,,0.0424086,0.0184941
Medicine,1931,0.2191404,-0.009794,-0.4994931,0.8471795,,0.0462389,0.0184812
Medicine,1932,0.2722352,-0.0278089,-0.5400794,0.704006,,0.0499398,0.0184441
Medicine,1933,0.1395487,-0.1792367,-0.5633156,0.588921,,0.0535173,0.018383
Medicine,1934,0.0253489,-0.0724256,-0.3892876,0.3802344,,0.0569774,0.0182988
Medicine,1935,0.1824811,-0.050604,-0.5106403,0.5627778,,0.0603263,0.0181929
Medicine,1936,0.0702497,-0.1352307,-0.5742916,0.5672666,,0.0635699,0.0180673
Medicine,1937,0.0777681,-0.0222194,-0.4851247,0.5332668,,0.0667141,0.0179242
Medicine,1938,0.2851043,-0.0898273,-0.5454733,0.4960032,,0.0697649,0.0177662
Medicine,1939,0.2087864,-0.1333021,-0.6151169,0.9909325,,0.0727281,0.0175963
Medicine,1940,0.2152776,-0.0046131,-0.6196918,0.7642355,,0.0756097,0.0174175
Medicine,1941,0.2019873,-0.0259984,-0.8259483,0.7739515,,0.0784153,0.0172331
Medicine,1942,0.2136321,-0.143534,-0.8111341,0.5240662,,0.0811509,0.0170467
Medicine,1943,-0.1778442,-0.289872,-0.7099764,0.2002498,,0.0838222,0.0168616
Medicine,1944,0.0100316,-0.2628303,-0.7644145,0.4393877,,0.0864349,0.0166815
Medicine,1945,-0.1431724,-0.3322155,-0.7492223,0.1542925,,0.0889946,0.0165098
Medicine,1946,-0.0308902,-0.132828,-0.5961818,0.2533001,,0.0915071,0.0163499
Medicine,1947,-0.0816136,-0.2909701,-0.8232325,0.418713,,0.093978,0.0162049
Medicine,1948,-0.1545025,-0.4169906,-0.749254,0.2475362,,0.0964129,0.016078
Medicine,1949,0.1780193,-0.3020935,-0.6617286,0.5969942,,0.0988172,0.0159716
Medicine,1950,-0.1758827,-0.4177214,-0.7317976,0.053393,,0.1011967,0.0158879
Medicine,1951,-0.143004,-0.2926286,-0.8222731,0.369427,,0.1035566,0.0158288
Medicine,1952,-0.1106836,-0.2075319,-0.7263616,0.3112979,,0.1059026,0.0157955
Medicine,1953,-0.1735736,-0.4031386,-0.6830959,0.0867868,,0.1082401,0.0157886
Medicine,1954,-0.0953041,-0.3359471,-0.6337726,0.1405737,,0.1105744,0.0158082
Medicine,1956,0.235702,0.5222091,0.5222091,0.5222091,,0.1152551,0.0159246
Medicine,1957,-0.0621235,-0.0028777,-0.7169012,0.5525375,,0.1176122,0.0160188
Medicine,1958,0.0093979,0.0414392,-0.4906834,0.4548524,,0.1199874,0.0161344
Medicine,1959,0.2150576,0.2346744,-0.3077407,0.9756265,,0.122386,0.0162689
Medicine,1960,0.1137919,0.2080915,-0.370808,0.6423214,,0.1248132,0.0164196
Medicine,1961,0.1626472,0.2788305,-0.6265847,0.7891116,,0.1272743,0.0165835
Medicine,1962,0.1979453,0.1520404,-0.3852504,0.6980181,,0.1297744,0.0167573
Medicine,1963,0.0910048,0.1695163,-0.4969342,0.6382145,,0.1323186,0.0169376
Medicine,1964,0.1205399,0.1171069,-0.2428711,0.4818981,,0.134912,0.0171211
Medicine,1965,0.2334076,0.2110146,-0.4151356,0.7119349,,0.1375597,0.0173043
Medicine,1966,0.1539397,0.0258392,-0.5626926,0.8454909,,0.1402667,0.0174839
Medicine,1967,0.0659424,0.0035005,-0.5749443,0.6003631,,0.1430381,0.0176566
Medicine,1968,0.3635932,0.2876579,-0.2781615,0.931869,,0.1458788,0.0178194
Medicine,1969,0.2467091,0.0666133,-0.4443326,0.6936974,,0.1487938,0.0179693
Medicine,1970,0.317314,0.2528581,-0.3149728,0.820689,,0.1517879,0.0181036
Medicine,1971,0.045465,-0.0080981,-0.4883159,0.5230475,,0.1548662,0.0182199
Medicine,1972,0.129024,-0.0096388,-0.5872294,0.6322186,,0.1580334,0.018316
Medicine,1973,0.2381786,0.0174589,-0.425611,0.8416248,,0.1612944,0.0183901
Medicine,1974,0.5573208,0.4001016,-0.3117647,1.317218,,0.164654,0.0184408
Medicine,1975,0.1846132,0.0011518,-0.3623671,0.6244171,,0.1681171,0.0184671
Medicine,1976,0.0981769,-0.1436156,-0.489825,0.4718677,,0.1716882,0.0184685
Medicine,1977,0.3139317,0.198485,-0.3380837,0.7539666,,0.1753722,0.018445
Medicine,1978,0.0980678,0.0327817,-0.591154,0.6624111,,0.1791738,0.0183974
Medicine,1979,0.2144397,0.0819144,-0.4936276,0.8367004,,0.1830976,0.0183271
Medicine,1980,-0.1263134,-0.1332746,-0.7041454,0.3562819,,0.1871483,0.0182364
Medicine,1981,-0.2550107,-0.4895293,-0.9265687,0.2685186,,0.1913305,0.0181288
Medicine,1982,-0.0983975,-0.2972856,-0.7883529,0.5757382,,0.1956487,0.0180088
Medicine,1983,-0.1666748,-0.3149741,-0.7206264,0.2739614,,0.2001076,0.0178823
Medicine,1984,-0.0678782,-0.1121546,-0.7117983,0.4658015,,0.2047116,0.0177567
Medicine,1985,0.2104919,0.1651894,-0.4384194,0.6356355,,0.2094653,0.0176412
Medicine,1986,0.1687602,-0.072994,-0.6009696,0.8377136,,0.2143731,0.0175467
Medicine,1987,0.3744528,0.261428,-0.4085337,1.038385,,0.2194396,0.0174862
Medicine,1988,0.439667,0.1476729,-0.7157999,1.188402,,0.224669,0.0174745
Medicine,1989,0.049387,-0.0564997,-0.5483035,0.5113705,,0.2300659,0.017528
Medicine,1990,0.7537866,0.4729853,-0.0920343,1.725471,,0.2356345,0.0176645
Medicine,1991,0.7585651,0.5044091,-0.1277056,1.455901,,0.2413793,0.0179022
Medicine,1992,0.3486274,0.1595651,-0.3605842,0.9240507,,0.2473046,0.0182595
Medicine,1993,0.7151945,0.5884427,-0.2400327,1.578526,,0.2534145,0.018753
Medicine,1994,0.2461681,0.0586694,-0.4346034,0.6661115,,0.2597135,0.019398
Medicine,1995,0.6266271,0.3828799,-0.2214249,1.284418,,0.2662058,0.0202066
Medicine,1996,0.6393566,0.4419532,-0.3020523,1.470148,,0.2728955,0.021188
Medicine,1997,0.4664657,0.2449003,-0.3609203,1.208814,,0.2797868,0.0223481
Medicine,1998,0.1688044,0.0224797,-0.6308993,0.811745,,0.286884,0.0236901
Medicine,1999,0.2599456,0.2356054,-0.250222,0.710853,,0.2941912,0.0252149
Medicine,2000,0.2042563,0.1205722,-0.4180741,0.8627927,,0.3017124,0.0269218
Medicine,2001,0.3930546,0.352609,-0.3900998,0.8468076,,0.3094517,0.0288089
Medicine,2002,0.221079,0.0300758,-0.5346006,0.9581156,,0.3174133,0.0308735
Medicine,2003,-0.0502038,-0.2015206,-0.6549618,0.2906886,,0.3256011,0.033113
Medicine,2004,0.1768156,-0.0639989,-0.4684714,0.571571,,0.3340193,0.0355246
Medicine,2005,0.1613296,-0.0590011,-0.5801868,0.8388976,,0.3426716,0.038106
Medicine,2006,-0.2869013,-0.5450413,-1.085921,0.372147,,0.3515622,0.040855
Physics,1900,-0.4074827,-0.4297936,-0.747723,0.1000889,,-0.20848,0.0875956
Physics,1901,-0.2150474,-0.2500954,-0.8108628,0.1003843,,-0.220828,0.081942
Physics,1902,-0.0324767,-0.5196267,-0.6776212,-0.0456429,,-0.2328408,0.0765746
Physics,1903,-0.2178037,-0.3691508,-0.5326056,0.0122439,,-0.2445133,0.0714909
Physics,1904,-0.2554767,-0.5452397,-0.8763976,0.1170759,,-0.2558406,0.0666887
Physics,1905,-0.469679,-0.5608788,-0.8344782,-0.1960796,,-0.2668176,0.0621661
Physics,1906,-0.2471739,-0.6175197,-0.8601601,0.3530417,,-0.2774395,0.0579216
Physics,1907,-0.1456724,-0.4918675,-0.8326532,0.1897041,,-0.2877012,0.0539541
Physics,1908,-0.2412141,-0.4549805,-0.7457029,-0.018897,,-0.297598,0.0502625
Physics,1909,-0.2626728,-0.3448371,-0.5116937,-0.0667427,,-0.3071249,0.0468463
Physics,1910,-0.0538729,-0.3795748,-0.6671314,0.4830951,,-0.3162772,0.0437044
Physics,1911,-0.3490866,-0.5675257,-0.7963667,-0.1670539,,-0.3250501,0.040836
Physics,1912,-0.5524201,-0.6639798,-0.7954609,-0.2695364,,-0.3334387,0.0382391
Physics,1913,-0.3689238,-0.462856,-0.6737244,-0.1465535,,-0.3414384,0.0359111
Physics,1914,-0.3658469,-0.5628145,-0.8380293,-0.0123847,,-0.3490444,0.0338473
Physics,1915,0.0972197,-0.2885728,-0.6820811,0.236105,,-0.3562522,0.0320413
Physics,1916,-0.8110007,-0.9804298,-1.375764,-0.5850952,,-0.363057,0.0304835
Physics,1917,-0.4299717,-0.6537573,-1.006504,-0.0658461,,-0.3694543,0.0291618
Physics,1918,-0.626209,-0.8258202,-0.9969156,-0.4265977,,-0.3754395,0.0280604
Physics,1919,-0.5128546,-0.5199845,-1.004819,-0.2775675,,-0.3810079,0.0271609
Physics,1920,-0.5253506,-0.7213639,-1.10989,-0.07382,,-0.3861552,0.0264419
Physics,1921,-0.4262223,-0.5708025,-0.9414534,-0.2001515,,-0.3908768,0.0258807
Physics,1922,-0.3397915,-0.6032249,-1.043535,-0.1629147,,-0.3951683,0.0254535
Physics,1923,-0.24306,-0.4559886,-0.7070836,-0.0542365,,-0.3990252,0.0251369
Physics,1924,-0.5940033,-0.8480921,-1.073949,-0.3963786,,-0.4024431,0.0249082
Physics,1925,-0.4978907,-0.8061088,-1.102472,-0.2874726,,-0.4054177,0.0247467
Physics,1926,-0.4904097,-0.6187934,-0.7384055,-0.3795691,,-0.4079446,0.0246335
Physics,1927,-0.2169952,-0.5998466,-0.8762736,-0.0469926,,-0.4100194,0.0245525
Physics,1928,-0.3831804,-0.652222,-0.9239812,-0.2445833,,-0.411638,0.0244895
Physics,1929,-0.5545859,-0.7594203,-1.038107,-0.3413908,,-0.412796,0.0244333
Physics,1930,-0.4372378,-0.6348356,-0.774976,-0.2144147,,-0.4134893,0.0243744
Physics,1931,-0.5317101,-0.7443427,-0.9891922,-0.3770683,,-0.4137135,0.0243055
Physics,1932,-0.5891185,-0.7596239,-1.05235,-0.4668979,,-0.4134646,0.0242212
Physics,1933,-0.4124275,-0.5633156,-0.8193681,-0.307263,,-0.4127384,0.0241175
Physics,1934,-0.4261142,-0.5703516,-0.6608836,-0.3892876,,-0.4115307,0.0239921
Physics,1935,-0.3488924,-0.6639858,-0.8173312,-0.050604,,-0.4098375,0.0238436
Physics,1936,-0.2588182,-0.6621038,-0.8377281,-0.1352307,,-0.4076547,0.0236718
Physics,1937,-0.5380281,-0.8554488,-1.040611,-0.1148005,,-0.4049784,0.0234775
Physics,1938,-0.2561742,-0.5454733,-0.6756578,-0.024735,,-0.4018043,0.0232621
Physics,1939,-0.4320273,-0.6151169,-0.9363268,0.0273029,,-0.3981287,0.0230277
Physics,1940,-0.4736107,-0.6196918,-0.9272313,-0.3121525,,-0.3939475,0.0227771
Physics,1941,-0.2420768,-0.6259608,-1.025936,-0.0259984,,-0.3892567,0.0225135
Physics,1942,-0.339887,-0.4773341,-0.8111341,-0.143534,,-0.3840526,0.0222405
Physics,1943,-0.1158894,-0.4299068,-0.7099764,0.1302324,,-0.3783312,0.021962
Physics,1944,-0.0574195,-0.3631471,-0.9650483,0.4393877,,-0.3720886,0.0216824
Physics,1945,0.1406648,-0.1237121,-0.5407189,0.4322971,,-0.3653211,0.0214058
Physics,1946,0.006991,-0.132828,-0.4417306,0.3305258,,-0.3580249,0.0211368
Physics,1947,0.0035484,-0.2909701,-0.8232325,0.5074234,,-0.3501961,0.0208798
Physics,1948,-0.1378893,-0.4169906,-0.9153857,0.2475362,,-0.341831,0.0206391
Physics,1949,-0.1924048,-0.3020935,-0.7516373,0.4171766,,-0.3329259,0.0204188
Physics,1950,-0.2088607,-0.4177214,-0.8888358,0.2889502,,-0.3234771,0.0202227
Physics,1951,-0.107253,-0.1602175,-0.689862,0.369427,,-0.313481,0.0200543
Physics,1952,-0.1954258,-0.2075319,-0.8993049,0.3112979,,-0.3029339,0.0199162
Physics,1953,-0.3387484,-0.5431172,-0.7530853,0.0167974,,-0.2918321,0.0198106
Physics,1954,-0.2847211,-0.3955122,-0.6337726,-0.0381216,,-0.2801722,0.0197392
Physics,1956,0.0171483,0.5222091,-0.3657221,0.5222091,,-0.2551633,0.0197004
Physics,1957,-0.3646002,-0.3360886,-0.7169012,0.2351302,,-0.2418074,0.0197322
Physics,1958,-0.042724,-0.0030268,-0.7374495,0.5978646,,-0.2278791,0.0197961
Physics,1959,-0.2447473,-0.1852434,-0.9494243,0.3339429,,-0.213375,0.0198898
Physics,1960,-0.4815294,-0.660258,-1.164226,0.0897254,,-0.1982916,0.0200102
Physics,1961,-0.4684584,-0.3365426,-1.386206,0.3057078,,-0.1826255,0.0201539
Physics,1962,-0.2071698,-0.2231215,-0.7327191,0.4544771,,-0.1663734,0.0203169
Physics,1963,-0.1557688,-0.0656136,-0.7184751,0.3890307,,-0.1495318,0.0204947
Physics,1964,-0.5705796,-0.6845284,-1.427032,0.1391382,,-0.1320974,0.020683
Physics,1965,-0.1545675,-0.1020605,-0.9339635,0.5240898,,-0.1140669,0.0208771
Physics,1966,-0.0257454,-0.0127006,-0.7553914,0.6029276,,-0.0954369,0.0210722
Physics,1967,-0.2123321,-0.2629543,-0.6906333,0.1577371,,-0.0762043,0.0212638
Physics,1968,-0.3978572,-0.5631745,-1.024834,0.0099157,,-0.0563656,0.0214474
Physics,1969,0.1216074,0.1943498,-0.7298492,0.7195001,,-0.0359178,0.0216187
Physics,1970,-0.1686794,-0.2117309,-0.9295207,0.4394681,,-0.0148575,0.0217737
Physics,1971,-0.2094314,-0.3397403,-0.916922,0.4064546,,0.0068183,0.0219088
Physics,1972,-0.214089,-0.2774287,-1.018796,0.4109427,,0.0291129,0.0220208
Physics,1973,-0.1280136,-0.0887595,-0.8104663,0.3914589,,0.0520293,0.0221068
Physics,1974,-0.1165223,-0.3273104,-1.221482,0.7789555,,0.0755708,0.0221646
Physics,1975,-0.0197525,-0.0983525,-0.8133278,0.3990943,,0.0997404,0.0221926
Physics,1976,-0.0218924,-0.0765856,-0.9129698,0.5231453,,0.1245412,0.0221899
Physics,1977,-0.0170052,0.0033469,-0.7209568,0.6019287,,0.1499762,0.0221565
Physics,1978,-0.2848378,-0.5253276,-0.944214,0.2316761,,0.1760484,0.0220932
Physics,1979,-0.2283535,-0.3426837,-0.7908265,0.3649467,,0.2027609,0.0220021
Physics,1980,-0.1365186,-0.279965,-0.9129192,0.5683801,,0.2301167,0.0218866
Physics,1981,-0.2016054,-0.2547562,-0.946187,0.4551128,,0.2581186,0.0217515
Physics,1982,-0.1429753,-0.3209138,-0.9319897,0.5617511,,0.2867697,0.0216037
Physics,1983,0.1686881,0.0143103,-0.486802,0.8006602,,0.3160728,0.0214517
Physics,1984,0.5291845,0.5542518,-0.4102761,1.326978,,0.3460309,0.0213068
Physics,1985,0.6778472,0.4441624,-0.1231402,1.422084,,0.3766468,0.0211824
Physics,1986,0.7940256,0.6093549,-0.0640384,1.765017,,0.4079233,0.0210951
Physics,1987,0.6915092,0.5363303,-0.1874068,1.591875,,0.4398634,0.021064
Physics,1988,0.8898928,0.8731233,-0.4574137,1.860011,,0.4724698,0.0211109
Physics,1989,0.3718747,0.3545673,-0.7426713,1.243753,,0.5057452,0.0212595
Physics,1990,1.063129,0.7933035,-0.2923194,1.967759,,0.5396926,0.021535
Physics,1991,1.61361,1.515827,-0.2964322,3.13036,,0.5743145,0.0219626
Physics,1992,0.8053354,0.3955419,-0.7378744,1.930446,,0.6096138,0.0225661
Physics,1993,1.442301,1.106109,-0.4254592,2.663145,,0.6455932,0.0233667
Physics,1994,0.7936527,0.4738566,-0.4008176,1.735311,,0.6822553,0.0243821
Physics,1995,1.310301,0.7704771,-0.2214249,2.330415,,0.7196027,0.0256252
Physics,1996,1.337346,0.7522557,-0.2733428,2.826196,,0.7576382,0.0271048
Physics,1997,1.114171,0.7562075,-0.2687678,2.28369,,0.7963643,0.0288254
Physics,1998,0.8996069,0.2681993,-0.6279852,1.590429,,0.8357837,0.0307885
Physics,1999,0.4798784,0.2476631,-0.3204676,0.9844549,,0.8758989,0.0329929
Physics,2000,0.8519853,0.4753127,-0.5899006,2.24073,,0.9167125,0.0354364
Physics,2001,1.31833,0.9633918,-0.3343405,2.538401,,0.9582271,0.0381154
Physics,2002,0.2829356,-0.0983279,-0.5923705,0.7370591,,1.000445,0.0410265
Physics,2003,-0.0792598,-0.3988305,-0.9148771,0.4679451,,1.043369,0.0441663
Physics,2004,0.5021184,0.3294361,-0.6959807,1.091592,,1.087002,0.0475318
Physics,2005,1.339951,1.159211,0.6605031,2.161326,,1.131345,0.0511203
Physics,2006,2.011117,2.011117,2.011117,2.011117,,1.176401,0.0549299